Name,Website
Meera Tours & Travels,http://meeratourstravels.in/
Ambika Tours and Travels,http://www.ambicatours.net/
Paradise Tours & Travels | Paradise Voyage Pvt. Ltd.| Best DMC, Tour & Travel Agency,http://www.paradisetoursindia.in/
Bhosale Tour Company Saddhamma Holidays,https://bhosaletourcompany.com/
S.S Tours & Travels Private Limited.,http://ridezly.com/
GIROBA TOUR'S & TRAVEL'S NASHIK,http://www.bsa247.com/
S M Tours & Travels Car rental service and Daily Nashik-Mumbai-pune-Aurangbad 24/7,https://sites.google.com/mkcl.org/s-m-tours-travels
K K Travels, Nashik,http://www.kktravels.com/
Suruchi Tours And Travels,https://suruchitours.com/
Sharvil Holidays - One Stop Travel Solution,https://sharvilholidays.weebly.com/
INDANI TRAVELS,http://www.indanitravels.in/
Baba Travels,https://www.bababus.in/
Eshwari Holidays,http://eshwariholidays.com/
Travel Pack - Tour Operator | Travel Agency In Nashik,https://travelpackworld.in/
K. P. Tours & Travels Nashik,https://sdweblink.in/K-P--Tours-And-Travels-Nashik
Astha Tourism - Shirdi tour Package,https://ridezly.com/
Prasanna Purple : Nashik - Book on purplebus.in,http://www.prasannapurple.com/
king Holidays,http://www.kingholidays.in/
Nashik Tempo Traveller,http://tempotravellerinnashik.com/
QUTBI TOURS & HOLIDAYS,https://qtholidays.com/
Choudhary Yatra Co. Pvt. Ltd (Nashik- Bhabhanagar),https://choudharyyatra.co.in/
Ramble Holiday_Travel Company,http://www.rambleholiday.com/
Kirty Tours & Travels,http://www.kirtytours.com/
Pareek Travels,http://www.pareektravels.com/
Sujay Holidays,https://www.sujayholidays.com/
MakeMyTrip Store - Chandak Circle,https://www.makemytrip.com/
Kesari Tours Pvt Ltd- Nashik,https://www.kesari.in/
Toursathi tours and travels private limited,http://www.tournaama.com/
Citizen Travels,http://www.citizentravels.in/
Shrinath Travel Agency,https://www.shrinath.biz/
Hans Travels,http://www.hanstravel.in/
Thomas Cook - Holidays and Foreign Currency Exchange, Parijat Nagar,https://stores.thomascook.in/thomas-cook/travel-agency-in-nashik/travel-agency-in-Parijat-Nagar/thomas-cook-in-Parijat-Nagar-nashik--72Vqpj/home
Geeta Travels,http://www.geetatravel.com/
A-Cube Holidays & Events,http://www.acubeholidays.com/
Shri Datta Holidays,http://www.shridattaholidays.co.in/
Ramrajya tours and travels,https://www.ramrajyatoursandtravel.in/
Choudhary Yatra Company Private Limited,https://www.choudharyyatra.co.in/
Veena World - Shefali Tours & Travels,https://www.veenaworld.com/travel-agents/shefali-tours-travels-college-road-nashik-maharashtra/48
Thomas Cook India Limited,http://www.thomascook.in/
Duri Holidays,https://duriholidays.com/
Jay ambe tours and travels nashik,https://wa.me/+917588442855
GS Tours & Travels,http://www.gstravelsblog.wordpress.com/
6 SEASON HOLIDAYS,http://www.6seasonholidays.com/
Veena World,https://www.veenaworld.com/
Holiday Dreamers Tourism,https://holidaydreamers.in/
Annu Tours and Travels,https://annutoursandtravel.online/
Purva Paryatan,http://www.purvaparyatan.com/
Mansi Cab Services,http://www.mansicab.com/
Sai Samarath Travels,http://saisamarthtravels.com/
Holiday Point,https://holidaypoint.net/
M.R. TRAVELS,https://mrtravelsonline.in/index.aspx
Deccan Travel Corporation,http://www.deccantravel.com/
SS Passport Service & International Driving Permit,https://sspassportservice.carrd.co/
Trade Wings Limited | Travel Agency In Nashik | Currency Exchange Service In Nashik,https://twltravel.com/
Bespoke India Holidays - Erudite Travel Consultants LLP,http://www.bespokeindiaholidays.com/
Karuya BhramanTea Tours,http://www.karuyabhramantea.com/
Indian Railway Ticket Booking Office,http://irctc.co.in/
SAI RUCHA TRAVELS-NASIK,http://www.saivirbhadratravels.com/contact
SSKT (Tempo Traveller & Mini bus Nashik),https://shree-sai-krupa-travels.webflow.io/
Online Multiple Services,http://www.onlinemultipleservices.com/
